Frame,Time,mal_lat_left_X,mal_lat_left_Y,mal_lat_left_Z,calc_back_left_X,calc_back_left_Y,calc_back_left_Z,toe_left_X,toe_left_Y,toe_left_Z,mal_lat_right_X,mal_lat_right_Y,mal_lat_right_Z,calc_back_right_X,calc_back_right_Y,calc_back_right_Z,toe_right_X,toe_right_Y,toe_right_Z,C7_X,C7_Y,C7_Z
1,0,759.610412597656,479.170684814453,98.2997665405273,703.042663574219,443.504028320312,58.7844352722168,959.060546875,443.427276611328,40.3691253662109,754.489013671875,211.778930664062,95.2909240722656,703.691955566406,252.655807495117,59.1196365356445,955.621459960938,246.352981567383,42.0580139160156,806.426147460938,355.311767578125,1385.73193359375
2,0.005,759.665283203125,479.1220703125,98.3318252563477,703.044372558594,443.506439208984,58.7685928344727,959.046508789062,443.429718017578,40.3837738037109,754.500732421875,211.777496337891,95.2880325317383,703.685485839844,252.656936645508,59.1193237304688,955.686401367188,246.295623779297,42.0822639465332,806.412963867188,355.300598144531,1385.72375488281
3,0.01,759.667663574219,479.118347167969,98.3300399780273,703.027893066406,443.506225585938,58.7617950439453,959.039611816406,443.422210693359,40.381233215332,754.500183105469,211.770858764648,95.2854080200195,703.704772949219,252.625640869141,59.1023712158203,955.685180664062,246.293365478516,42.0820465087891,806.433776855469,355.265991210938,1385.73120117188
4,0.015,759.69287109375,479.094329833984,98.202018737793,702.725769042969,443.472259521484,58.8829612731934,959.042297363281,443.424377441406,40.3838424682617,754.511474609375,211.831420898438,95.2922210693359,703.534606933594,252.831024169922,59.2295188903809,955.687683105469,246.299835205078,42.083137512207,806.403686523438,355.289642333984,1385.7216796875
5,0.02,759.661865234375,479.100769042969,98.2119064331055,702.734130859375,443.449371337891,58.8702430725098,959.037109375,443.419219970703,40.3865242004395,754.500610351562,211.825408935547,95.2960433959961,703.532531738281,252.790328979492,59.2190399169922,955.686218261719,246.297393798828,42.0875244140625,806.4033203125,355.253540039062,1385.72131347656
6,0.025,759.679321289062,479.089233398438,98.1819610595703,702.708129882812,443.464477539062,58.8821678161621,959.040100097656,443.420257568359,40.3912696838379,754.51953125,211.82585144043,95.3006057739258,703.528930664062,252.82275390625,59.242561340332,955.6943359375,246.27864074707,42.0786018371582,806.410949707031,355.213775634766,1385.71960449219
7,0.03,759.668640136719,479.074371337891,98.1938781738281,702.714782714844,443.451446533203,58.8628845214844,959.043640136719,443.4150390625,40.3884506225586,754.511657714844,211.810516357422,95.3057327270508,703.52685546875,252.816329956055,59.2382125854492,955.685607910156,246.291091918945,42.077823638916,806.376831054688,355.181427001953,1385.71411132812
8,0.035,759.676208496094,479.066986083984,98.1814270019531,702.711242675781,443.450775146484,58.8710594177246,959.038391113281,443.408660888672,40.38232421875,754.5322265625,211.815032958984,95.299430847168,703.509338378906,252.80256652832,59.2436408996582,955.688598632812,246.294555664062,42.0869674682617,806.39208984375,355.14599609375,1385.72180175781
9,0.04,759.660034179688,479.046356201172,98.1859359741211,702.721862792969,443.434051513672,58.8533401489258,959.034484863281,443.418365478516,40.3743515014648,754.523986816406,211.801391601562,95.3155059814453,703.535034179688,252.796508789062,59.2429618835449,955.701110839844,246.289276123047,42.0734176635742,806.402770996094,355.115661621094,1385.72973632812
10,0.045,759.668518066406,479.048706054688,98.1869964599609,702.704223632812,443.418975830078,58.8618316650391,959.048034667969,443.416168212891,40.3899688720703,754.522583007812,211.815170288086,95.3064117431641,703.5341796875,252.798950195312,59.2534523010254,955.697814941406,246.288589477539,42.0808143615723,806.375915527344,355.083679199219,1385.73132324219
11,0.05,759.663635253906,479.038238525391,98.1967926025391,702.714721679688,443.422180175781,58.8648567199707,959.039001464844,443.41455078125,40.3786697387695,754.524169921875,211.805114746094,95.3107147216797,703.528747558594,252.797027587891,59.2578239440918,955.6962890625,246.285064697266,42.0713882446289,806.383422851562,355.041046142578,1385.73083496094
12,0.055,759.662658691406,479.034454345703,98.1880950927734,702.705505371094,443.407684326172,58.8738021850586,959.035522460938,443.423065185547,40.3901290893555,754.513305664062,211.798629760742,95.3230133056641,703.540344238281,252.809234619141,59.267993927002,955.697570800781,246.287521362305,42.0734901428223,806.384399414062,355.039764404297,1385.73327636719
13,0.06,759.668334960938,479.0234375,98.189567565918,702.726440429688,443.393737792969,58.8809547424316,959.048950195312,443.423034667969,40.3843650817871,754.5283203125,211.81494140625,95.3292694091797,703.534301757812,252.816009521484,59.2719612121582,955.704406738281,246.295608520508,42.0710754394531,806.383117675781,354.9853515625,1385.72741699219
14,0.065,759.658630371094,479.025177001953,98.2056350708008,702.712463378906,443.406677246094,58.8886795043945,959.029663085938,443.415588378906,40.3766746520996,754.528442382812,211.807067871094,95.3295135498047,703.545532226562,252.818115234375,59.2777976989746,955.703430175781,246.283813476562,42.0644111633301,806.371765136719,354.957214355469,1385.72546386719
15,0.07,759.668823242188,479.025238037109,98.2034378051758,702.728637695312,443.386444091797,58.8749313354492,959.044616699219,443.434387207031,40.3891677856445,754.527709960938,211.804794311523,95.3334808349609,703.537841796875,252.829147338867,59.2772254943848,955.710144042969,246.284759521484,42.066967010498,806.374389648438,354.936462402344,1385.73913574219
16,0.075,759.6650390625,479.019134521484,98.203239440918,702.717529296875,443.392211914062,58.8799438476562,959.0361328125,443.428588867188,40.3829345703125,754.533203125,211.822769165039,95.3395538330078,703.542907714844,252.815826416016,59.2813949584961,955.708984375,246.291748046875,42.071605682373,806.36572265625,354.899169921875,1385.73498535156
17,0.08,759.664123535156,479.005340576172,98.1986389160156,702.714660644531,443.389617919922,58.8935317993164,959.034240722656,443.433532714844,40.387638092041,754.527160644531,211.827362060547,95.3397445678711,703.543151855469,252.835800170898,59.2795257568359,955.705749511719,246.277297973633,42.0776786804199,806.335693359375,354.882781982422,1385.755859375
18,0.085,759.660217285156,478.997619628906,98.2134475708008,702.714233398438,443.381774902344,58.8826637268066,959.036987304688,443.430969238281,40.3892974853516,754.529174804688,211.845001220703,95.3446578979492,703.54638671875,252.834182739258,59.2845878601074,955.709289550781,246.288864135742,42.067928314209,806.355224609375,354.836883544922,1385.73645019531
19,0.09,759.676574707031,478.999755859375,98.2049713134766,702.725646972656,443.381652832031,58.8928298950195,959.037353515625,443.42822265625,40.3959159851074,754.530883789062,211.832015991211,95.3409729003906,703.54736328125,252.846908569336,59.2809524536133,955.706359863281,246.291275024414,42.0742111206055,806.358215332031,354.788848876953,1385.72229003906
20,0.095,759.655212402344,478.985412597656,98.2271118164062,702.724426269531,443.368682861328,58.888053894043,959.0361328125,443.430236816406,40.398193359375,754.532348632812,211.85205078125,95.3380355834961,703.551879882812,252.867034912109,59.2894020080566,955.701354980469,246.278533935547,42.0690422058105,806.342651367188,354.785186767578,1385.71484375
21,0.1,759.670043945312,478.982635498047,98.2273635864258,702.727661132812,443.359619140625,58.8812103271484,959.036865234375,443.43505859375,40.413990020752,754.518249511719,211.858947753906,95.3464813232422,703.53857421875,252.858139038086,59.2937164306641,955.708251953125,246.288024902344,42.0707740783691,806.303588867188,354.774627685547,1385.71984863281
22,0.105,759.665649414062,478.976531982422,98.228889465332,702.7158203125,443.351806640625,58.8874053955078,959.040771484375,443.434997558594,40.4228248596191,754.533813476562,211.86083984375,95.3499069213867,703.551330566406,252.868453979492,59.2895202636719,955.711181640625,246.292785644531,42.0679550170898,806.315368652344,354.728912353516,1385.69873046875
23,0.11,759.659973144531,478.961822509766,98.218376159668,702.724548339844,443.350616455078,58.8752212524414,959.039001464844,443.428619384766,40.419605255127,754.528381347656,211.869049072266,95.3487396240234,703.559387207031,252.867858886719,59.2737312316895,955.708129882812,246.283493041992,42.0758056640625,806.312805175781,354.705383300781,1385.67517089844
24,0.115,759.661499023438,478.947906494141,98.2109985351562,702.719787597656,443.318267822266,58.8810119628906,959.026184082031,443.424163818359,40.4201774597168,754.534973144531,211.874145507812,95.3534317016602,703.55078125,252.871658325195,59.2867965698242,955.706970214844,246.28791809082,42.078987121582,806.308532714844,354.652221679688,1385.66137695312
25,0.12,759.663696289062,478.939239501953,98.2282104492188,702.724365234375,443.314147949219,58.865535736084,959.026916503906,443.429809570312,40.4385643005371,754.523376464844,211.892974853516,95.3425750732422,703.553894042969,252.885040283203,59.2697296142578,955.701416015625,246.290832519531,42.0774459838867,806.292053222656,354.641387939453,1385.6708984375
26,0.125,759.653442382812,478.937225341797,98.2174911499023,702.705444335938,443.305511474609,58.8784599304199,959.027648925781,443.430755615234,40.4348945617676,754.528076171875,211.893447875977,95.3575973510742,703.555725097656,252.894607543945,59.2896614074707,955.711120605469,246.286163330078,42.0689964294434,806.274353027344,354.583801269531,1385.63952636719
27,0.13,759.659118652344,478.917175292969,98.218017578125,702.715148925781,443.296295166016,58.850658416748,959.021484375,443.425903320312,40.4426536560059,754.541564941406,211.891967773438,95.3473739624023,703.551025390625,252.896682739258,59.2918319702148,955.711608886719,246.288223266602,42.07666015625,806.264404296875,354.5556640625,1385.640625
28,0.135,759.652099609375,478.912658691406,98.2146453857422,702.698852539062,443.301208496094,58.8634376525879,959.022644042969,443.428619384766,40.4532165527344,754.53662109375,211.885314941406,95.3547668457031,703.559448242188,252.893142700195,59.2798385620117,955.714233398438,246.283386230469,42.059383392334,806.249816894531,354.518127441406,1385.61499023438
29,0.14,759.641296386719,478.907592773438,98.2146072387695,702.697143554688,443.287353515625,58.8381652832031,959.011962890625,443.419738769531,40.4465293884277,754.549011230469,211.89045715332,95.3355712890625,703.555358886719,252.887252807617,59.2857131958008,955.713745117188,246.288116455078,42.0798950195312,806.232543945312,354.483612060547,1385.59875488281
30,0.145,759.655700683594,478.903381347656,98.201545715332,702.69384765625,443.284545898438,58.8509407043457,959.0078125,443.423248291016,40.4563255310059,754.530944824219,211.885589599609,95.3474884033203,703.547546386719,252.890472412109,59.2868194580078,955.7158203125,246.287872314453,42.0769309997559,806.206787109375,354.451416015625,1385.57727050781
31,0.15,759.646179199219,478.889739990234,98.2000350952148,702.689575195312,443.288909912109,58.8303146362305,959.012390136719,443.412567138672,40.4537620544434,754.531799316406,211.8740234375,95.3376159667969,703.554382324219,252.883972167969,59.2659301757812,955.709045410156,246.27995300293,42.0795974731445,806.194396972656,354.412445068359,1385.56555175781
32,0.155,759.652465820312,478.875793457031,98.1974639892578,702.688720703125,443.271057128906,58.8337020874023,959.015014648438,443.424163818359,40.4650802612305,754.534240722656,211.87483215332,95.3321075439453,703.538330078125,252.880645751953,59.2903594970703,955.7060546875,246.279266357422,42.0789260864258,806.197692871094,354.363128662109,1385.5546875
33,0.16,759.648071289062,478.872955322266,98.1889343261719,702.681640625,443.290557861328,58.8396759033203,959.004577636719,443.408843994141,40.4621734619141,754.511047363281,211.78401184082,95.3703155517578,703.541625976562,252.849838256836,59.2720146179199,955.708190917969,246.273971557617,42.0880012512207,806.194274902344,354.308990478516,1385.51794433594
34,0.165,759.643676757812,478.872985839844,98.1997146606445,702.689575195312,443.278167724609,58.8250923156738,959.02587890625,443.427642822266,40.4734764099121,754.527038574219,211.764907836914,95.3621215820312,703.5380859375,252.846755981445,59.254467010498,955.7001953125,246.281799316406,42.0880699157715,806.17919921875,354.252777099609,1385.50720214844
35,0.17,759.651306152344,478.870300292969,98.2026290893555,702.699768066406,443.29150390625,58.8293266296387,959.021118164062,443.407318115234,40.4824104309082,754.521728515625,211.765396118164,95.3431243896484,703.535034179688,252.842636108398,59.2698364257812,955.70751953125,246.275527954102,42.0712051391602,806.173522949219,354.225921630859,1385.49975585938
36,0.175,759.6630859375,478.865509033203,98.2087707519531,702.683898925781,443.291748046875,58.8409156799316,959.013244628906,443.428161621094,40.4777793884277,754.529113769531,211.770385742188,95.3426818847656,703.536865234375,252.832611083984,59.2758712768555,955.694885253906,246.282974243164,42.0809669494629,806.153259277344,354.187622070312,1385.48718261719
37,0.18,759.662170410156,478.875885009766,98.2005615234375,702.695922851562,443.285247802734,58.8394660949707,959.028503417969,443.413391113281,40.4656028747559,754.534118652344,211.763168334961,95.3268203735352,703.539123535156,252.835357666016,59.2679748535156,955.700744628906,246.290054321289,42.0762596130371,806.144714355469,354.148223876953,1385.46411132812
38,0.185,759.675231933594,478.8525390625,98.2115325927734,702.700256347656,443.284637451172,58.8407859802246,959.025207519531,443.404663085938,40.4530220031738,754.542541503906,211.767166137695,95.3217926025391,703.519592285156,252.822174072266,59.2658653259277,955.7109375,246.2763671875,42.0726051330566,806.116760253906,354.1103515625,1385.45666503906
39,0.19,759.688110351562,478.863861083984,98.1932525634766,702.693176269531,443.279571533203,58.8457870483398,959.027954101562,443.403289794922,40.4713554382324,754.544799804688,211.769241333008,95.3217468261719,703.533508300781,252.827224731445,59.2666244506836,955.701477050781,246.284851074219,42.0734710693359,806.102172851562,354.051940917969,1385.43933105469
40,0.195,759.687927246094,478.844146728516,98.2192993164062,702.704772949219,443.284301757812,58.8502616882324,959.034301757812,443.407531738281,40.4560394287109,754.546875,211.772445678711,95.3236236572266,703.519958496094,252.811004638672,59.2646560668945,955.714477539062,246.282562255859,42.0785598754883,806.103149414062,354.012115478516,1385.431640625
41,0.2,759.697021484375,478.861602783203,98.2257461547852,702.701965332031,443.279724121094,58.854175567627,959.029235839844,443.402404785156,40.4600219726562,754.554138183594,211.777923583984,95.3246231079102,703.525085449219,252.820938110352,59.2917633056641,955.708312988281,246.284240722656,42.0702438354492,806.073852539062,353.985046386719,1385.41442871094
42,0.205,759.694641113281,478.856475830078,98.2213287353516,702.705627441406,443.278228759766,58.8556480407715,959.029663085938,443.405578613281,40.4539833068848,754.549743652344,211.787628173828,95.3324432373047,703.537109375,252.821136474609,59.292781829834,955.712036132812,246.291030883789,42.0747947692871,806.087219238281,353.914276123047,1385.40283203125
43,0.21,759.692016601562,478.846374511719,98.233268737793,702.713745117188,443.284057617188,58.869010925293,959.033264160156,443.402557373047,40.4499092102051,754.565551757812,211.795700073242,95.3321685791016,703.535949707031,252.814529418945,59.295093536377,955.721801757812,246.282180786133,42.0638427734375,806.043334960938,353.877349853516,1385.38745117188
44,0.215,759.701477050781,478.859100341797,98.2358932495117,702.722839355469,443.280792236328,58.8745269775391,959.033630371094,443.394195556641,40.4371490478516,754.573608398438,211.80339050293,95.3370208740234,703.542114257812,252.819381713867,59.3248023986816,955.723693847656,246.280181884766,42.0420303344727,806.003784179688,353.809478759766,1385.37976074219
45,0.22,759.708068847656,478.860809326172,98.2362899780273,702.710632324219,443.288818359375,58.8813171386719,959.040222167969,443.406463623047,40.4401779174805,754.581420898438,211.80859375,95.3479919433594,703.547790527344,252.816070556641,59.3044395446777,955.72802734375,246.28190612793,42.0559997558594,805.990295410156,353.787628173828,1385.39221191406
46,0.225,759.719482421875,478.860534667969,98.2427444458008,702.717468261719,443.296966552734,58.8973960876465,959.02685546875,443.390777587891,40.4275703430176,754.572387695312,211.799392700195,95.3531875610352,703.557373046875,252.813003540039,59.3203201293945,955.721557617188,246.290679931641,42.0441627502441,805.990539550781,353.727355957031,1385.36376953125
47,0.23,759.721923828125,478.857757568359,98.2448348999023,702.734436035156,443.290283203125,58.8977012634277,959.028869628906,443.399993896484,40.4307823181152,754.577270507812,211.791488647461,95.3572006225586,703.549560546875,252.808990478516,59.3284797668457,955.735900878906,246.279067993164,42.0398368835449,805.966186523438,353.710205078125,1385.37573242188
48,0.235,759.718017578125,478.866943359375,98.2533416748047,702.717895507812,443.297271728516,58.9036140441895,959.027404785156,443.399200439453,40.4301452636719,754.584594726562,211.781112670898,95.361701965332,703.563293457031,252.810821533203,59.3373527526855,955.73046875,246.281463623047,42.0350189208984,805.9814453125,353.645660400391,1385.36071777344
49,0.24,759.722473144531,478.872650146484,98.2625350952148,702.722045898438,443.29443359375,58.9197463989258,959.034423828125,443.393341064453,40.4274597167969,754.606994628906,211.789779663086,95.3580780029297,703.541687011719,252.809188842773,59.3506698608398,955.737854003906,246.279281616211,42.0372047424316,805.946655273438,353.587707519531,1385.36694335938
50,0.245,759.738464355469,478.878234863281,98.2592163085938,702.728942871094,443.305847167969,58.9147605895996,959.026977539062,443.398132324219,40.422061920166,754.618286132812,211.777923583984,95.3538970947266,703.5703125,252.793350219727,59.3414154052734,955.730224609375,246.270721435547,42.022346496582,805.919128417969,353.553924560547,1385.37731933594
51,0.25,759.737609863281,478.889862060547,98.2800369262695,702.742919921875,443.304718017578,58.9309844970703,959.037048339844,443.399719238281,40.4098968505859,754.6064453125,211.77864074707,95.3621978759766,703.561279296875,252.775970458984,59.3543815612793,955.733459472656,246.278732299805,42.0330390930176,805.931579589844,353.495483398438,1385.37927246094
52,0.255,759.733215332031,478.865783691406,98.2725067138672,702.73828125,443.3017578125,58.9441032409668,959.032836914062,443.398529052734,40.4228324890137,754.615600585938,211.765060424805,95.3685760498047,703.563903808594,252.773681640625,59.3608207702637,955.732421875,246.27848815918,42.0244369506836,805.876831054688,353.442565917969,1385.37487792969
53,0.26,759.744140625,478.887969970703,98.2736968994141,702.750183105469,443.300262451172,58.9273567199707,959.032897949219,443.407348632812,40.420093536377,754.611755371094,211.761856079102,95.3741989135742,703.554870605469,252.773376464844,59.3754577636719,955.744079589844,246.264572143555,42.0148048400879,805.879821777344,353.386322021484,1385.37524414062
54,0.265,759.728576660156,478.884063720703,98.283317565918,702.733825683594,443.297912597656,58.947826385498,959.037170410156,443.412322998047,40.4216041564941,754.630676269531,211.759902954102,95.370231628418,703.566528320312,252.781295776367,59.3633460998535,955.737670898438,246.274490356445,42.0193367004395,805.853820800781,353.344757080078,1385.37170410156
55,0.27,759.742004394531,478.877166748047,98.2923431396484,702.741760253906,443.310028076172,58.9555473327637,959.035583496094,443.409393310547,40.4247131347656,754.622985839844,211.754318237305,95.3699111938477,703.567993164062,252.776824951172,59.3757820129395,955.740600585938,246.272323608398,42.0253372192383,805.84765625,353.309936523438,1385.37683105469
56,0.275,759.734008789062,478.884796142578,98.2751235961914,702.737854003906,443.289733886719,58.9511909484863,959.038330078125,443.401794433594,40.421989440918,754.621337890625,211.763748168945,95.3796310424805,703.570373535156,252.785446166992,59.3700942993164,955.735290527344,246.274398803711,42.0266532897949,805.836242675781,353.253112792969,1385.35620117188
57,0.28,759.73681640625,478.895690917969,98.2749176025391,702.734069824219,443.297027587891,58.9446754455566,959.035278320312,443.406494140625,40.4134788513184,754.624694824219,211.763610839844,95.3749313354492,703.554809570312,252.788818359375,59.3915405273438,955.743591308594,246.274612426758,42.0186767578125,805.804321289062,353.197418212891,1385.36291503906
58,0.285,759.73779296875,478.889068603516,98.2808532714844,702.744689941406,443.317504882812,58.940372467041,959.024719238281,443.406921386719,40.4168815612793,754.617980957031,211.775238037109,95.3788986206055,703.567077636719,252.780563354492,59.3684120178223,955.741760253906,246.271194458008,42.0171279907227,805.7919921875,353.160827636719,1385.35546875
59,0.29,759.718811035156,478.902557373047,98.2906799316406,702.728149414062,443.310028076172,58.9524307250977,959.043579101562,443.419281005859,40.4274139404297,754.633544921875,211.769714355469,95.3761596679688,703.552917480469,252.788024902344,59.3643417358398,955.73828125,246.27587890625,42.0185699462891,805.806945800781,353.097625732422,1385.33056640625
60,0.295,759.739440917969,478.910583496094,98.2916946411133,702.733093261719,443.320373535156,58.940055847168,959.030334472656,443.407623291016,40.4244270324707,754.626708984375,211.766479492188,95.3798904418945,703.5625,252.792999267578,59.3651390075684,955.736083984375,246.285507202148,42.0146903991699,805.777465820312,353.035308837891,1385.32250976562
61,0.3,759.719177246094,478.910980224609,98.2938690185547,702.735473632812,443.316711425781,58.9423980712891,959.030029296875,443.410736083984,40.4200897216797,754.6171875,211.775161743164,95.3763198852539,703.55078125,252.791900634766,59.3683853149414,955.739379882812,246.271041870117,42.0144729614258,805.759948730469,353.000762939453,1385.30322265625
62,0.305,759.723754882812,478.904144287109,98.2888565063477,702.730773925781,443.326812744141,58.9487113952637,959.04541015625,443.421966552734,40.435962677002,754.609497070312,211.778518676758,95.3711242675781,703.5546875,252.785034179688,59.3614654541016,955.742980957031,246.287536621094,42.0181121826172,805.76611328125,352.96337890625,1385.294921875
63,0.31,759.729858398438,478.917266845703,98.2975540161133,702.734069824219,443.315704345703,58.9525184631348,959.044250488281,443.427581787109,40.4356269836426,754.613098144531,211.775543212891,95.3647308349609,703.543640136719,252.779022216797,59.3644943237305,955.738952636719,246.28450012207,42.0263481140137,805.747497558594,352.921752929688,1385.28161621094
64,0.315,759.731262207031,478.917755126953,98.2946472167969,702.737854003906,443.328704833984,58.946605682373,959.046936035156,443.411590576172,40.4382171630859,754.613342285156,211.759582519531,95.3600311279297,703.556762695312,252.770095825195,59.3385887145996,955.7333984375,246.287628173828,42.0264930725098,805.723999023438,352.878875732422,1385.28674316406
65,0.32,759.726501464844,478.912048339844,98.2955780029297,702.731628417969,443.321350097656,58.9631690979004,959.045593261719,443.419769287109,40.4354209899902,754.610412597656,211.769729614258,95.3500747680664,703.554260253906,252.785202026367,59.3451156616211,955.725402832031,246.287124633789,42.0188865661621,805.731201171875,352.807739257812,1385.26110839844
66,0.325,759.728332519531,478.929290771484,98.2892379760742,702.742370605469,443.326873779297,58.9592361450195,959.035949707031,443.416107177734,40.4229736328125,754.614868164062,211.760498046875,95.3462753295898,703.537963867188,252.761703491211,59.327075958252,955.721252441406,246.274139404297,42.0306053161621,805.70654296875,352.789978027344,1385.26538085938
67,0.33,759.718444824219,478.915161132812,98.2952728271484,702.741149902344,443.309509277344,58.9575424194336,959.03564453125,443.426635742188,40.4365615844727,754.608703613281,211.768402099609,95.3295745849609,703.548156738281,252.766159057617,59.3202362060547,955.71484375,246.299438476562,42.034122467041,805.727294921875,352.711151123047,1385.2412109375
68,0.335,759.73046875,478.918487548828,98.2949295043945,702.740295410156,443.320678710938,58.9489364624023,959.041809082031,443.408905029297,40.4454650878906,754.598327636719,211.749664306641,95.3443374633789,703.541381835938,252.767593383789,59.3199691772461,955.724853515625,246.291213989258,42.0369338989258,805.742309570312,352.680419921875,1385.23889160156
69,0.34,759.720947265625,478.922180175781,98.2887573242188,702.734985351562,443.327270507812,58.9529190063477,959.026306152344,443.421691894531,40.4378929138184,754.5947265625,211.750961303711,95.33984375,703.542724609375,252.755966186523,59.318302154541,955.71533203125,246.27702331543,42.0404090881348,805.733947753906,352.632659912109,1385.23791503906
70,0.345,759.714294433594,478.924133300781,98.2919769287109,702.731201171875,443.326629638672,58.9483070373535,959.036071777344,443.421539306641,40.4378395080566,754.595336914062,211.748413085938,95.3324737548828,703.547546386719,252.758544921875,59.3037414550781,955.714721679688,246.294204711914,42.0254440307617,805.759948730469,352.589965820312,1385.21374511719
71,0.35,759.71728515625,478.94091796875,98.2855758666992,702.734375,443.344909667969,58.9404716491699,959.026000976562,443.416320800781,40.4450225830078,754.605041503906,211.743713378906,95.3313598632812,703.538391113281,252.761474609375,59.3242492675781,955.71923828125,246.277618408203,42.0310134887695,805.792175292969,352.546783447266,1385.21264648438
72,0.355,759.709411621094,478.955200195312,98.2882919311523,702.733154296875,443.342041015625,58.942268371582,959.024963378906,443.421417236328,40.4473648071289,754.601318359375,211.753631591797,95.3270721435547,703.532531738281,252.756530761719,59.3207397460938,955.723388671875,246.29248046875,42.0276222229004,805.8037109375,352.501922607422,1385.21936035156
73,0.36,759.720397949219,478.947326660156,98.279541015625,702.730102539062,443.349487304688,58.9460220336914,959.030090332031,443.421142578125,40.4561347961426,754.599426269531,211.755355834961,95.3287963867188,703.541687011719,252.760131835938,59.3193893432617,955.719604492188,246.294921875,42.0392265319824,805.835693359375,352.450775146484,1385.20422363281
74,0.365,759.717346191406,478.960174560547,98.2699661254883,702.731567382812,443.357543945312,58.9322624206543,959.016723632812,443.426879882812,40.4662628173828,754.5908203125,211.76106262207,95.3296813964844,703.540893554688,252.770401000977,59.3119163513184,955.718872070312,246.288909912109,42.0360145568848,805.892272949219,352.422760009766,1385.18798828125
75,0.37,759.703857421875,478.950500488281,98.2732543945312,702.716247558594,443.341339111328,58.9356651306152,959.020568847656,443.430419921875,40.463451385498,754.596923828125,211.757873535156,95.3349227905273,703.550415039062,252.763366699219,59.3002548217773,955.711120605469,246.291244506836,42.0312805175781,805.918762207031,352.426666259766,1385.19104003906
76,0.375,759.692993164062,478.960815429688,98.2697830200195,702.717102050781,443.350250244141,58.9249267578125,959.003540039062,443.423095703125,40.473201751709,754.607116699219,211.765884399414,95.3268661499023,703.532348632812,252.765808105469,59.3059844970703,955.726196289062,246.289840698242,42.0229415893555,805.951721191406,352.391662597656,1385.20275878906
77,0.38,759.705810546875,478.954559326172,98.2662353515625,702.714538574219,443.344909667969,58.9314613342285,959.01025390625,443.417633056641,40.4678802490234,754.58984375,211.759628295898,95.3349685668945,703.536926269531,252.761169433594,59.2995681762695,955.719177246094,246.288818359375,42.0232543945312,806.021179199219,352.382049560547,1385.18432617188
78,0.385,759.690368652344,478.960479736328,98.2677612304688,702.719360351562,443.357147216797,58.9306945800781,959.000122070312,443.422332763672,40.4815979003906,754.606567382812,211.758071899414,95.3163452148438,703.541931152344,252.767211914062,59.291202545166,955.715637207031,246.29313659668,42.0312805175781,806.047424316406,352.358093261719,1385.18872070312
79,0.39,759.700744628906,478.949127197266,98.2675704956055,702.712524414062,443.328460693359,58.927001953125,959.011108398438,443.417663574219,40.4746627807617,754.5888671875,211.770034790039,95.3223495483398,703.535217285156,252.762710571289,59.2953109741211,955.715515136719,246.299819946289,42.0307579040527,806.095764160156,352.336242675781,1385.17785644531
80,0.395,759.684387207031,478.959655761719,98.2736740112305,702.709411621094,443.345733642578,58.9344673156738,959.00927734375,443.424713134766,40.4725570678711,754.590270996094,211.76676940918,95.3238296508789,703.529968261719,252.766006469727,59.2851753234863,955.712890625,246.296966552734,42.0371894836426,806.12841796875,352.333374023438,1385.19018554688
81,0.4,759.701721191406,478.948272705078,98.2796783447266,702.721801757812,443.345428466797,58.920825958252,959.003356933594,443.423126220703,40.469783782959,754.601989746094,211.752685546875,95.3134384155273,703.543640136719,252.7578125,59.2795028686523,955.717407226562,246.298583984375,42.027027130127,806.164428710938,352.333923339844,1385.18115234375
82,0.405,759.697387695312,478.942260742188,98.2684555053711,702.722778320312,443.352935791016,58.9270286560059,959.018310546875,443.423461914062,40.484676361084,754.60302734375,211.760726928711,95.3083190917969,703.533081054688,252.752380371094,59.2881202697754,955.714050292969,246.286285400391,42.0295448303223,806.198974609375,352.308563232422,1385.17016601562
83,0.41,759.683410644531,478.947814941406,98.2837295532227,702.719543457031,443.344940185547,58.9200859069824,958.999877929688,443.419250488281,40.4719619750977,754.609680175781,211.771820068359,95.309196472168,703.536010742188,252.76399230957,59.2854042053223,955.721069335938,246.293746948242,42.0186767578125,806.237854003906,352.320465087891,1385.17211914062
84,0.415,759.684448242188,478.955535888672,98.2718734741211,702.713928222656,443.337463378906,58.9268035888672,959.024719238281,443.421813964844,40.4785079956055,754.606384277344,211.758346557617,95.3132095336914,703.533508300781,252.754974365234,59.2836303710938,955.722351074219,246.298492431641,42.0474472045898,806.253784179688,352.319732666016,1385.1884765625
85,0.42,759.684936523438,478.957824707031,98.281135559082,702.731750488281,443.359405517578,58.9308891296387,958.999755859375,443.419830322266,40.4800987243652,754.603820800781,211.763397216797,95.3093566894531,703.511901855469,252.761322021484,59.2922592163086,955.709777832031,246.299530029297,42.023567199707,806.299133300781,352.302947998047,1385.17541503906
86,0.425,759.683349609375,478.959136962891,98.2718353271484,702.712951660156,443.341949462891,58.9411926269531,959.009155273438,443.41455078125,40.4703674316406,754.5966796875,211.758804321289,95.3186798095703,703.538757324219,252.762176513672,59.2800216674805,955.701477050781,246.301223754883,42.0302696228027,806.307373046875,352.291656494141,1385.189453125
87,0.43,759.709533691406,478.957214355469,98.2843322753906,702.722778320312,443.352172851562,58.9319000244141,959.001647949219,443.423950195312,40.4828643798828,754.589477539062,211.765426635742,95.3255081176758,703.5322265625,252.756820678711,59.291374206543,955.718811035156,246.295211791992,42.030834197998,806.359741210938,352.305938720703,1385.18884277344
88,0.435,759.6884765625,478.960388183594,98.2712936401367,702.727722167969,443.36181640625,58.9285583496094,959.007934570312,443.428283691406,40.4804496765137,754.604370117188,211.767929077148,95.3240585327148,703.536926269531,252.75749206543,59.2936553955078,955.711608886719,246.305038452148,42.0334548950195,806.36572265625,352.321350097656,1385.20727539062
89,0.44,759.691284179688,478.975463867188,98.2818603515625,702.711730957031,443.35546875,58.9366798400879,959,443.416809082031,40.4843635559082,754.611633300781,211.758239746094,95.323600769043,703.542602539062,252.755233764648,59.2947769165039,955.719116210938,246.289810180664,42.0386009216309,806.384826660156,352.326599121094,1385.22045898438
90,0.445,759.694580078125,478.974456787109,98.2728881835938,702.711669921875,443.370178222656,58.9282836914062,959.030090332031,443.430999755859,40.5032615661621,754.598388671875,211.753646850586,95.3178558349609,703.549621582031,252.778549194336,59.2953720092773,955.716735839844,246.310546875,42.0311279296875,806.422546386719,352.34130859375,1385.21508789062
91,0.45,759.695922851562,478.969421386719,98.2734146118164,702.711853027344,443.368560791016,58.9381828308105,959.021423339844,443.437744140625,40.5052337646484,754.607849121094,211.756164550781,95.3232192993164,703.525146484375,252.748489379883,59.2912979125977,955.706237792969,246.295455932617,42.0352325439453,806.433227539062,352.348327636719,1385.23278808594
92,0.455,759.682983398438,478.978454589844,98.2838973999023,702.710754394531,443.379547119141,58.931396484375,959.017456054688,443.431182861328,40.499942779541,754.599548339844,211.756713867188,95.3197708129883,703.525207519531,252.755081176758,59.3156242370605,955.717468261719,246.295928955078,42.0362396240234,806.473266601562,352.355224609375,1385.23071289062
93,0.46,759.697021484375,478.974273681641,98.2734680175781,702.715087890625,443.369812011719,58.9360618591309,959.000122070312,443.433258056641,40.5035591125488,754.5986328125,211.751693725586,95.3235855102539,703.548706054688,252.756683349609,59.2987899780273,955.703918457031,246.292205810547,42.0325355529785,806.49267578125,352.367950439453,1385.25036621094
94,0.465,759.678100585938,478.963195800781,98.282470703125,702.722412109375,443.370666503906,58.9309005737305,959.015686035156,443.434112548828,40.5018501281738,754.60693359375,211.739166259766,95.3245391845703,703.536437988281,252.761184692383,59.3188209533691,955.714111328125,246.289749145508,42.0303230285645,806.521484375,352.386901855469,1385.23962402344
95,0.47,759.692932128906,478.969848632812,98.2810821533203,702.715026855469,443.369049072266,58.9319839477539,959.008117675781,443.422180175781,40.5032730102539,754.600952148438,211.738967895508,95.3272857666016,703.531555175781,252.742660522461,59.302661895752,955.717468261719,246.289733886719,42.0322647094727,806.526794433594,352.418579101562,1385.2451171875
96,0.475,759.692443847656,478.962036132812,98.2717666625977,702.716735839844,443.375030517578,58.9344177246094,959.004211425781,443.420623779297,40.4943923950195,754.598266601562,211.730255126953,95.3149948120117,703.526550292969,252.742309570312,59.3011360168457,955.707763671875,246.295562744141,42.0493125915527,806.557373046875,352.439910888672,1385.26184082031
97,0.48,759.694030761719,478.963287353516,98.2815780639648,702.703796386719,443.365020751953,58.9397506713867,959.005004882812,443.414031982422,40.5036773681641,754.581298828125,211.722320556641,95.3165588378906,703.531127929688,252.739974975586,59.3001556396484,955.71337890625,246.290328979492,42.0546913146973,806.567016601562,352.468383789062,1385.279296875
98,0.485,759.69140625,478.972198486328,98.294792175293,702.716735839844,443.361785888672,58.9362983703613,958.997375488281,443.423217773438,40.5006790161133,754.601135253906,211.718399047852,95.3071975708008,703.520141601562,252.734222412109,59.2967491149902,955.705200195312,246.30387878418,42.0468406677246,806.5859375,352.484802246094,1385.26953125
99,0.49,759.693664550781,478.957641601562,98.2800598144531,702.712585449219,443.364593505859,58.9314346313477,959.025390625,443.429046630859,40.5176963806152,754.58642578125,211.713424682617,95.3135452270508,703.524475097656,252.719085693359,59.2841796875,955.703979492188,246.293197631836,42.0544586181641,806.607849121094,352.5166015625,1385.27734375
100,0.495,759.683288574219,478.962615966797,98.2834320068359,702.708251953125,443.344909667969,58.9386367797852,959.017272949219,443.416473388672,40.4992370605469,754.585388183594,211.699905395508,95.307014465332,703.532348632812,252.741348266602,59.2946128845215,955.696716308594,246.288070678711,42.0598754882812,806.614379882812,352.545318603516,1385.28137207031
101,0.5,759.699523925781,478.943878173828,98.2942276000977,702.710998535156,443.342559814453,58.9409141540527,959.022888183594,443.424682617188,40.5019226074219,754.584899902344,211.694061279297,95.30908203125,703.5185546875,252.723129272461,59.2952842712402,955.702880859375,246.281478881836,42.0587615966797,806.657043457031,352.587188720703,1385.28369140625
102,0.505,759.692260742188,478.935394287109,98.2909393310547,702.720825195312,443.353179931641,58.958309173584,959.022521972656,443.426361083984,40.495304107666,754.574157714844,211.692840576172,95.3067932128906,703.521423339844,252.714996337891,59.2903938293457,955.698608398438,246.28092956543,42.055118560791,806.650695800781,352.623138427734,1385.28723144531
103,0.51,759.699035644531,478.929992675781,98.304573059082,702.71923828125,443.34375,58.9631652832031,959.028259277344,443.420135498047,40.4819755554199,754.580444335938,211.701049804688,95.2999114990234,703.509521484375,252.717742919922,59.2962112426758,955.695739746094,246.269180297852,42.0619812011719,806.696044921875,352.607269287109,1385.27490234375
104,0.515,759.699768066406,478.930114746094,98.316291809082,702.731872558594,443.341613769531,58.9601440429688,959.014587402344,443.411712646484,40.4793014526367,754.573791503906,211.684417724609,95.2951507568359,703.504455566406,252.714233398438,59.2864723205566,955.693603515625,246.285797119141,42.0480499267578,806.708801269531,352.687652587891,1385.28857421875
105,0.52,759.715698242188,478.925170898438,98.311637878418,702.738403320312,443.34765625,58.9694175720215,959.026794433594,443.420715332031,40.4669723510742,754.5703125,211.694107055664,95.3045883178711,703.518310546875,252.725952148438,59.2999610900879,955.701232910156,246.268981933594,42.0564651489258,806.719909667969,352.705627441406,1385.28405761719
106,0.525,759.7197265625,478.918975830078,98.3128814697266,702.740112304688,443.350372314453,58.9794273376465,959.026184082031,443.412933349609,40.4749450683594,754.580078125,211.67626953125,95.2898483276367,703.521545410156,252.726623535156,59.2902603149414,955.694274902344,246.269577026367,42.0541648864746,806.76708984375,352.747283935547,1385.26721191406
107,0.53,759.733764648438,478.936462402344,98.3159866333008,702.746765136719,443.352569580078,58.9764785766602,959.011962890625,443.420776367188,40.4497032165527,754.569274902344,211.685684204102,95.2892990112305,703.515502929688,252.715774536133,59.3020133972168,955.697265625,246.269729614258,42.0602760314941,806.774719238281,352.767913818359,1385.28210449219
108,0.535,759.733703613281,478.939483642578,98.3152236938477,702.745849609375,443.351348876953,58.980785369873,959.0244140625,443.418731689453,40.4522552490234,754.565979003906,211.677139282227,95.3073196411133,703.522888183594,252.728500366211,59.2946891784668,955.692749023438,246.270034790039,42.0589904785156,806.782348632812,352.832397460938,1385.27014160156
109,0.54,759.7275390625,478.945587158203,98.3327026367188,702.751708984375,443.346649169922,58.9731979370117,959.017578125,443.423706054688,40.4560127258301,754.576477050781,211.686920166016,95.2865829467773,703.528015136719,252.72526550293,59.3029594421387,955.702697753906,246.276229858398,42.0552024841309,806.781127929688,352.871276855469,1385.29528808594
110,0.545,759.735473632812,478.937683105469,98.3202972412109,702.75439453125,443.348388671875,58.9801292419434,959.021057128906,443.41943359375,40.4407119750977,754.58056640625,211.680892944336,95.3001098632812,703.509582519531,252.720581054688,59.3043441772461,955.703735351562,246.268341064453,42.0588607788086,806.835327148438,352.880767822266,1385.28051757812
111,0.55,759.738891601562,478.942169189453,98.3268585205078,702.743347167969,443.361267089844,58.9806594848633,959.021057128906,443.414093017578,40.4473762512207,754.568359375,211.679397583008,95.2997055053711,703.532531738281,252.732223510742,59.3061981201172,955.70166015625,246.269805908203,42.0422668457031,806.843627929688,352.928161621094,1385.28869628906
112,0.555,759.727600097656,478.944030761719,98.3234786987305,702.749938964844,443.358367919922,58.9776153564453,959.021423339844,443.426971435547,40.4446258544922,754.582336425781,211.685531616211,95.3014373779297,703.523254394531,252.728713989258,59.3098449707031,955.696533203125,246.271728515625,42.0480766296387,806.898986816406,352.930725097656,1385.29284667969
113,0.56,759.72998046875,478.942016601562,98.3265686035156,702.73486328125,443.353149414062,58.9847526550293,959.01611328125,443.412963867188,40.4392509460449,754.585632324219,211.686599731445,95.3100357055664,703.530151367188,252.730163574219,59.3022155761719,955.702087402344,246.271087646484,42.0373306274414,806.90283203125,353.001068115234,1385.29211425781
114,0.565,759.735473632812,478.937835693359,98.3148651123047,702.741394042969,443.365600585938,58.9779243469238,959.017456054688,443.424652099609,40.4534568786621,754.586303710938,211.670639038086,95.3062896728516,703.528930664062,252.728958129883,59.3236045837402,955.694091796875,246.264068603516,42.0514984130859,806.92041015625,353.039825439453,1385.30310058594
115,0.57,759.725158691406,478.939300537109,98.3293838500977,702.745788574219,443.361175537109,58.9853744506836,959.017395019531,443.417358398438,40.4323539733887,754.591552734375,211.672302246094,95.3027801513672,703.534301757812,252.728088378906,59.3179512023926,955.710632324219,246.26383972168,42.0468406677246,806.921020507812,353.103485107422,1385.30444335938
116,0.575,759.724548339844,478.929595947266,98.3286285400391,702.731994628906,443.361053466797,58.9938125610352,959.021240234375,443.410461425781,40.4398231506348,754.590759277344,211.676803588867,95.3141937255859,703.526306152344,252.726638793945,59.3429489135742,955.70947265625,246.256744384766,42.0380439758301,806.983154296875,353.094482421875,1385.29956054688
117,0.58,759.733093261719,478.942718505859,98.3364181518555,702.746276855469,443.347595214844,58.9870452880859,959.024536132812,443.419403076172,40.431526184082,754.604125976562,211.671463012695,95.3230133056641,703.540344238281,252.723129272461,59.3487663269043,955.719360351562,246.262451171875,42.043270111084,806.969909667969,353.161529541016,1385.32055664062
118,0.585,759.732727050781,478.941314697266,98.3425750732422,702.745910644531,443.362182617188,58.9983901977539,959.018981933594,443.414031982422,40.4313888549805,754.606506347656,211.676773071289,95.3254776000977,703.522827148438,252.709030151367,59.3519020080566,955.721618652344,246.26318359375,42.0265579223633,807.014770507812,353.165649414062,1385.3095703125
119,0.59,759.738586425781,478.923950195312,98.3504409790039,702.74609375,443.361297607422,58.9975242614746,959.026123046875,443.411956787109,40.4269180297852,754.618347167969,211.659057617188,95.320182800293,703.553344726562,252.713485717773,59.3560600280762,955.718627929688,246.268142700195,42.023307800293,807.0341796875,353.216552734375,1385.32470703125
120,0.595,759.73974609375,478.933776855469,98.3421401977539,702.761047363281,443.354461669922,59.009937286377,959.029541015625,443.418304443359,40.4278678894043,754.596374511719,211.575820922852,95.3726043701172,703.533325195312,252.710113525391,59.3756637573242,955.718139648438,246.253829956055,42.0165977478027,807.047241210938,353.26025390625,1385.33679199219
121,0.6,759.743774414062,478.925933837891,98.3649520874023,702.755554199219,443.337280273438,59.0171852111816,959.034362792969,443.413116455078,40.4123573303223,754.602478027344,211.567581176758,95.3716354370117,703.545837402344,252.726181030273,59.3717880249023,955.717407226562,246.264572143555,42.0226936340332,807.077941894531,353.268127441406,1385.33532714844
122,0.605,759.753479003906,478.931762695312,98.3699798583984,702.768981933594,443.351013183594,59.0161323547363,959.032958984375,443.416381835938,40.4011917114258,754.612915039062,211.566055297852,95.3655319213867,703.552001953125,252.710098266602,59.3898391723633,955.726989746094,246.252014160156,42.0121574401855,807.10400390625,353.310546875,1385.33642578125
123,0.61,759.761657714844,478.927612304688,98.3652038574219,702.763977050781,443.358489990234,59.031925201416,959.0400390625,443.418273925781,40.4017906188965,754.623596191406,211.575836181641,95.3690643310547,703.536499023438,252.709594726562,59.4107513427734,955.72607421875,246.25276184082,41.9992637634277,807.123352050781,353.370330810547,1385.34423828125
124,0.615,759.767517089844,478.927459716797,98.3641662597656,702.768798828125,443.350189208984,59.0366744995117,959.041931152344,443.418273925781,40.3970413208008,754.635559082031,211.576797485352,95.3645553588867,703.570007324219,252.703582763672,59.4027824401855,955.726867675781,246.245864868164,42.0064086914062,807.147888183594,353.4111328125,1385.34106445312
125,0.62,759.776794433594,478.908294677734,98.3748168945312,702.769958496094,443.348175048828,59.0520133972168,959.046264648438,443.413208007812,40.3963165283203,754.625854492188,211.572311401367,95.3800888061523,703.540283203125,252.701034545898,59.421745300293,955.736999511719,246.250961303711,41.9892883300781,807.181823730469,353.449005126953,1385.337890625
126,0.625,759.769409179688,478.903228759766,98.3791351318359,702.769775390625,443.353546142578,59.0542945861816,959.04833984375,443.423217773438,40.3933868408203,754.628234863281,211.582168579102,95.3659057617188,703.565734863281,252.685806274414,59.4150314331055,955.740356445312,246.24169921875,42.0034866333008,807.224609375,353.475433349609,1385.33337402344
127,0.63,759.761291503906,478.90625,98.3861389160156,702.790588378906,443.331420898438,59.0330276489258,959.045043945312,443.418212890625,40.3842353820801,754.647094726562,211.585906982422,95.3640975952148,703.548522949219,252.691619873047,59.4242668151855,955.744995117188,246.250961303711,42.0053367614746,807.236511230469,353.494781494141,1385.34631347656
128,0.635,759.763488769531,478.896606445312,98.3878479003906,702.787109375,443.334716796875,59.057689666748,959.048278808594,443.414154052734,40.3867683410645,754.626647949219,211.575057983398,95.3808059692383,703.551330566406,252.688858032227,59.4272232055664,955.744201660156,246.25,42.0004539489746,807.263549804688,353.547882080078,1385.35144042969
129,0.64,759.773864746094,478.898101806641,98.380500793457,702.782836914062,443.328979492188,59.0446929931641,959.049926757812,443.406646728516,40.3858489990234,754.637329101562,211.591796875,95.3587036132812,703.548400878906,252.698791503906,59.4299545288086,955.737365722656,246.243942260742,41.9920310974121,807.284362792969,353.565338134766,1385.34204101562
130,0.645,759.768859863281,478.884216308594,98.3828125,702.783569335938,443.319702148438,59.0491981506348,959.049621582031,443.412963867188,40.3816032409668,754.625549316406,211.581069946289,95.3725357055664,703.560791015625,252.677398681641,59.4272956848145,955.741943359375,246.244812011719,42.0000457763672,807.309875488281,353.593292236328,1385.34924316406
131,0.65,759.779174804688,478.875671386719,98.3920288085938,702.789916992188,443.317443847656,59.0522766113281,959.049133300781,443.400146484375,40.3729019165039,754.626220703125,211.583190917969,95.3660507202148,703.551635742188,252.691467285156,59.4297065734863,955.734558105469,246.244079589844,42.0017738342285,807.339294433594,353.637725830078,1385.34191894531
132,0.655,759.773681640625,478.870880126953,98.3931198120117,702.77001953125,443.304046630859,59.0447235107422,959.0517578125,443.415710449219,40.3788452148438,754.624145507812,211.594375610352,95.3564987182617,703.557006835938,252.683212280273,59.4263877868652,955.730651855469,246.242263793945,42.0032272338867,807.352783203125,353.675476074219,1385.34057617188
133,0.66,759.775207519531,478.873687744141,98.4059906005859,702.78564453125,443.301788330078,59.0536804199219,959.053955078125,443.417755126953,40.3676681518555,754.626770019531,211.588577270508,95.3552474975586,703.548828125,252.685562133789,59.4226608276367,955.744750976562,246.246353149414,41.9949531555176,807.369506835938,353.704620361328,1385.34289550781
134,0.665,759.779602050781,478.861907958984,98.3999404907227,702.790954589844,443.304656982422,59.0527648925781,959.050476074219,443.409881591797,40.3738288879395,754.614440917969,211.569900512695,95.3561248779297,703.549133300781,252.685882568359,59.425048828125,955.737182617188,246.240509033203,42.0156288146973,807.400390625,353.717468261719,1385.34301757812
135,0.67,759.783081054688,478.859802246094,98.4164123535156,702.779602050781,443.291717529297,59.0566215515137,959.05615234375,443.413513183594,40.3718872070312,754.622741699219,211.572052001953,95.3587951660156,703.556335449219,252.695236206055,59.4304580688477,955.745727539062,246.247695922852,42.0047225952148,807.399963378906,353.759490966797,1385.35949707031
136,0.675,759.77978515625,478.851013183594,98.4001922607422,702.792236328125,443.302764892578,59.0570259094238,959.056823730469,443.416198730469,40.3664360046387,754.614196777344,211.563186645508,95.3496551513672,703.542297363281,252.690170288086,59.4278717041016,955.730834960938,246.241088867188,42.0029220581055,807.439392089844,353.7802734375,1385.35009765625
137,0.68,759.7890625,478.851593017578,98.4068374633789,702.790405273438,443.298645019531,59.0645065307617,959.051818847656,443.414031982422,40.3806457519531,754.619812011719,211.570205688477,95.3525466918945,703.550415039062,252.680770874023,59.4208831787109,955.73583984375,246.234313964844,42.0101585388184,807.458435058594,353.804260253906,1385.36108398438
138,0.685,759.781616210938,478.855865478516,98.414665222168,702.781677246094,443.290191650391,59.0629768371582,959.061828613281,443.400329589844,40.3595733642578,754.616455078125,211.572372436523,95.3515625,703.541809082031,252.685455322266,59.4268417358398,955.738464355469,246.238739013672,41.9989051818848,807.468872070312,353.843505859375,1385.36010742188
139,0.69,759.794128417969,478.848541259766,98.4204406738281,702.78955078125,443.291564941406,59.0682640075684,959.053405761719,443.409576416016,40.3649406433105,754.621276855469,211.586090087891,95.3557434082031,703.548889160156,252.690704345703,59.4346008300781,955.729797363281,246.236358642578,42.0128555297852,807.522033691406,353.843231201172,1385.35009765625
140,0.695,759.793212890625,478.825866699219,98.4128646850586,702.784545898438,443.281188964844,59.0736045837402,959.065124511719,443.419281005859,40.3581352233887,754.624633789062,211.567230224609,95.3646240234375,703.539123535156,252.677917480469,59.439510345459,955.737060546875,246.244430541992,41.9913597106934,807.557373046875,353.865539550781,1385.35119628906
141,0.7,759.788391113281,478.837707519531,98.4131774902344,702.807373046875,443.282165527344,59.0705299377441,959.070556640625,443.414276123047,40.3650741577148,754.625854492188,211.565521240234,95.3704223632812,703.551635742188,252.685760498047,59.4514198303223,955.73876953125,246.225555419922,41.995964050293,807.562622070312,353.900451660156,1385.36633300781
142,0.705,759.796508789062,478.831848144531,98.4162979125977,702.788452148438,443.280700683594,59.0803298950195,959.0693359375,443.415954589844,40.3528213500977,754.644104003906,211.575881958008,95.3566665649414,703.5615234375,252.679748535156,59.4593238830566,955.754821777344,246.225982666016,42.0012893676758,807.575561523438,353.930328369141,1385.38659667969
143,0.71,759.800659179688,478.834411621094,98.4214172363281,702.800964355469,443.281860351562,59.0777740478516,959.065185546875,443.401306152344,40.3526306152344,754.630798339844,211.565704345703,95.3714828491211,703.560241699219,252.675918579102,59.4603271484375,955.750915527344,246.220779418945,41.9824562072754,807.601135253906,353.963256835938,1385.38879394531
144,0.715,759.803833007812,478.824768066406,98.44091796875,702.795715332031,443.273590087891,59.0889587402344,959.06640625,443.406066894531,40.348331451416,754.657775878906,211.564956665039,95.3664779663086,703.577270507812,252.691848754883,59.4601058959961,955.753967285156,246.241256713867,41.9940338134766,807.624328613281,353.933715820312,1385.38732910156
145,0.72,759.802917480469,478.825317382812,98.4279861450195,702.805786132812,443.270904541016,59.0866508483887,959.065368652344,443.406372070312,40.3463134765625,754.655090332031,211.562759399414,95.3751068115234,703.554931640625,252.685256958008,59.4727516174316,955.756652832031,246.223754882812,41.9762077331543,807.658935546875,353.9775390625,1385.39270019531
146,0.725,759.816284179688,478.828430175781,98.4404830932617,702.805358886719,443.279968261719,59.0937614440918,959.067260742188,443.418731689453,40.353630065918,754.654479980469,211.556533813477,95.3893432617188,703.572448730469,252.680130004883,59.4719772338867,955.754699707031,246.230590820312,41.9757957458496,807.66357421875,353.994140625,1385.40368652344
147,0.73,759.817016601562,478.819976806641,98.4366989135742,702.813293457031,443.285278320312,59.0998344421387,959.072204589844,443.400543212891,40.3344612121582,754.644958496094,211.554290771484,95.3749008178711,703.568359375,252.681076049805,59.4829940795898,955.765319824219,246.229598999023,41.9804191589355,807.693725585938,354.001983642578,1385.3935546875
148,0.735,759.819641113281,478.828765869141,98.4369964599609,702.807983398438,443.269958496094,59.1008567810059,959.069946289062,443.411987304688,40.3452568054199,754.647827148438,211.556335449219,95.3841781616211,703.562744140625,252.687316894531,59.4759788513184,955.751159667969,246.231246948242,41.9881210327148,807.684204101562,354.037384033203,1385.41540527344
149,0.74,759.823669433594,478.827178955078,98.448600769043,702.817810058594,443.269561767578,59.1043319702148,959.074523925781,443.411773681641,40.340461730957,754.650634765625,211.540664672852,95.3740081787109,703.5751953125,252.680084228516,59.4736938476562,955.755432128906,246.225555419922,41.9892158508301,807.725463867188,354.035949707031,1385.42431640625
150,0.745,759.818908691406,478.831909179688,98.4485702514648,702.808288574219,443.285522460938,59.1070442199707,959.080322265625,443.405364990234,40.342945098877,754.644775390625,211.544616699219,95.377571105957,703.5673828125,252.662231445312,59.4789733886719,955.74755859375,246.219421386719,41.9772529602051,807.735778808594,354.035339355469,1385.42041015625
151,0.75,759.824645996094,478.825286865234,98.4487075805664,702.814575195312,443.278045654297,59.1102752685547,959.069091796875,443.400634765625,40.3286666870117,754.644165039062,211.535202026367,95.3750228881836,703.545593261719,252.689651489258,59.4756240844727,955.745971679688,246.218338012695,41.9914970397949,807.770446777344,354.094512939453,1385.42663574219
152,0.755,759.822204589844,478.833099365234,98.4452133178711,702.815185546875,443.286682128906,59.1080207824707,959.068420410156,443.404022216797,40.3354873657227,754.632995605469,211.519424438477,95.366828918457,703.562866210938,252.668838500977,59.4664764404297,955.739196777344,246.224014282227,41.995174407959,807.796203613281,354.064453125,1385.43627929688
153,0.76,759.820678710938,478.831878662109,98.4623260498047,702.825744628906,443.297119140625,59.1127815246582,959.07275390625,443.402862548828,40.3346939086914,754.627258300781,211.519973754883,95.3698043823242,703.549438476562,252.666229248047,59.4546165466309,955.742370605469,246.209823608398,41.9891471862793,807.810302734375,354.101989746094,1385.41809082031
154,0.765,759.818908691406,478.829681396484,98.4483261108398,702.818054199219,443.291442871094,59.1073951721191,959.071350097656,443.404602050781,40.3375663757324,754.620727539062,211.53645324707,95.3606719970703,703.542297363281,252.668167114258,59.4526596069336,955.72900390625,246.226318359375,41.9999847412109,807.815673828125,354.103057861328,1385.43640136719
155,0.77,759.821166992188,478.824920654297,98.4460678100586,702.815368652344,443.285705566406,59.0992279052734,959.080505371094,443.406890869141,40.3432464599609,754.622009277344,211.53288269043,95.3487091064453,703.552307128906,252.676376342773,59.446849822998,955.745849609375,246.219757080078,42.0064697265625,807.855651855469,354.107666015625,1385.44580078125
156,0.775,759.808288574219,478.829681396484,98.4371643066406,702.812927246094,443.287902832031,59.1001777648926,959.076416015625,443.412536621094,40.3321075439453,754.609130859375,211.5400390625,95.3539810180664,703.538696289062,252.666381835938,59.4296722412109,955.731384277344,246.225234985352,42.018138885498,807.861694335938,354.107025146484,1385.43005371094
157,0.78,759.815246582031,478.820587158203,98.4378051757812,702.805297851562,443.287017822266,59.092212677002,959.073974609375,443.401611328125,40.3411140441895,754.610107421875,211.5263671875,95.3446197509766,703.54150390625,252.682983398438,59.4280090332031,955.725402832031,246.226791381836,42.0083770751953,807.907653808594,354.115936279297,1385.4248046875
158,0.785,759.813537597656,478.835662841797,98.4181900024414,702.801025390625,443.285125732422,59.1008758544922,959.067260742188,443.418792724609,40.3408317565918,754.613403320312,211.542602539062,95.3363418579102,703.549926757812,252.676971435547,59.4164657592773,955.731384277344,246.236846923828,42.0278930664062,807.909729003906,354.111511230469,1385.42114257812
159,0.79,759.824401855469,478.826293945312,98.4343338012695,702.803833007812,443.284545898438,59.089412689209,959.058410644531,443.408294677734,40.3559761047363,754.599670410156,211.549606323242,95.3344955444336,703.541748046875,252.677627563477,59.4225692749023,955.732360839844,246.213592529297,42.0227317810059,807.957580566406,354.102783203125,1385.40466308594
160,0.795,759.81103515625,478.838623046875,98.427864074707,702.802673339844,443.292297363281,59.0891876220703,959.059326171875,443.401062011719,40.3470001220703,754.616760253906,211.559265136719,95.3317947387695,703.547729492188,252.687881469727,59.3969764709473,955.71875,246.214416503906,42.0222969055176,808.003784179688,354.110992431641,1385.43408203125
161,0.8,759.798522949219,478.840545654297,98.4145278930664,702.800415039062,443.307739257812,59.0695724487305,959.056884765625,443.401611328125,40.3472747802734,754.602722167969,211.560302734375,95.3340301513672,703.541625976562,252.694702148438,59.4104766845703,955.726440429688,246.213150024414,42.0119972229004,808.052673339844,354.112335205078,1385.4140625
162,0.805,759.805786132812,478.849853515625,98.4082565307617,702.794860839844,443.301300048828,59.0727119445801,959.053283691406,443.40869140625,40.354305267334,754.602783203125,211.554122924805,95.3314056396484,703.542053222656,252.687271118164,59.4006462097168,955.725219726562,246.224884033203,42.012752532959,808.102783203125,354.0830078125,1385.41796875
163,0.81,759.803833007812,478.856475830078,98.4203643798828,702.8037109375,443.310302734375,59.0730972290039,959.056030273438,443.401794433594,40.3481903076172,754.608703613281,211.567245483398,95.3266143798828,703.549438476562,252.693695068359,59.4011917114258,955.719177246094,246.217880249023,42.0148239135742,808.111694335938,354.101959228516,1385.43347167969
164,0.815,759.800476074219,478.855773925781,98.409797668457,702.796264648438,443.314758300781,59.0728149414062,959.050048828125,443.410339355469,40.3620185852051,754.590393066406,211.543502807617,95.3317565917969,703.531860351562,252.683120727539,59.4196166992188,955.727355957031,246.215347290039,42.0016937255859,808.151184082031,354.095397949219,1385.4375
165,0.82,759.791931152344,478.850830078125,98.425422668457,702.789978027344,443.309844970703,59.0699729919434,959.06494140625,443.404724121094,40.3565330505371,754.606994628906,211.557800292969,95.336181640625,703.550354003906,252.688858032227,59.4135513305664,955.726257324219,246.213989257812,42.0179595947266,808.19921875,354.098297119141,1385.43994140625
166,0.825,759.798461914062,478.846130371094,98.4026184082031,702.793090820312,443.304260253906,59.0737991333008,959.05810546875,443.405609130859,40.3719444274902,754.608337402344,211.558609008789,95.3287506103516,703.546020507812,252.676132202148,59.4214210510254,955.740844726562,246.214920043945,42.0171737670898,808.245056152344,354.10986328125,1385.44323730469
167,0.83,759.802734375,478.870788574219,98.4223937988281,702.792907714844,443.326202392578,59.0788307189941,959.054443359375,443.406005859375,40.3627319335938,754.611572265625,211.554244995117,95.3481826782227,703.545349121094,252.683532714844,59.4221153259277,955.735412597656,246.216995239258,42.0166320800781,808.295532226562,354.089416503906,1385.46411132812
168,0.835,759.805297851562,478.859985351562,98.423957824707,702.795288085938,443.309356689453,59.082088470459,959.065979003906,443.405609130859,40.3612442016602,754.611328125,211.537780761719,95.3380661010742,703.550109863281,252.680221557617,59.4206695556641,955.736511230469,246.20573425293,42.0192031860352,808.351745605469,354.103576660156,1385.45373535156
169,0.84,759.801452636719,478.867950439453,98.439323425293,702.786499023438,443.321197509766,59.0920829772949,959.058471679688,443.408081054688,40.3675575256348,754.626098632812,211.546997070312,95.3390731811523,703.539733886719,252.675994873047,59.4394683837891,955.736511230469,246.208969116211,42.0097160339355,808.37841796875,354.101348876953,1385.47143554688
170,0.845,759.817260742188,478.867523193359,98.4315185546875,702.7890625,443.325622558594,59.0917701721191,959.070129394531,443.401489257812,40.3578262329102,754.621032714844,211.536605834961,95.341423034668,703.557495117188,252.669128417969,59.4230842590332,955.742248535156,246.200042724609,42.0092697143555,808.428894042969,354.084869384766,1385.4736328125
171,0.85,759.810546875,478.874633789062,98.4353103637695,702.811767578125,443.328125,59.0901679992676,959.052673339844,443.397613525391,40.3610153198242,754.62548828125,211.537704467773,95.3474273681641,703.560363769531,252.674606323242,59.439868927002,955.741333007812,246.204437255859,42.0091972351074,808.479736328125,354.077972412109,1385.47912597656
172,0.855,759.818359375,478.88427734375,98.4292144775391,702.795532226562,443.320404052734,59.0937232971191,959.065856933594,443.405487060547,40.3603057861328,754.63232421875,211.523849487305,95.3471374511719,703.54443359375,252.670028686523,59.430419921875,955.744262695312,246.210174560547,41.9940452575684,808.543212890625,354.060913085938,1385.4853515625
173,0.86,759.797546386719,478.876373291016,98.4345703125,702.798767089844,443.328338623047,59.1004257202148,959.058715820312,443.394073486328,40.3614616394043,754.634094238281,211.552169799805,95.344970703125,703.549011230469,252.660751342773,59.4430236816406,955.750061035156,246.197296142578,42.0007057189941,808.573303222656,354.072296142578,1385.51525878906
174,0.865,759.815979003906,478.883056640625,98.4356079101562,702.795349121094,443.335021972656,59.0974006652832,959.064453125,443.406524658203,40.3610038757324,754.641967773438,211.535903930664,95.3468170166016,703.559326171875,252.665985107422,59.4466705322266,955.7470703125,246.209808349609,41.9938926696777,808.639709472656,354.061737060547,1385.50891113281
175,0.87,759.817687988281,478.884674072266,98.4393463134766,702.796447753906,443.344268798828,59.1019248962402,959.049682617188,443.407684326172,40.3592834472656,754.630981445312,211.564270019531,95.3578720092773,703.559143066406,252.676681518555,59.4486846923828,955.755676269531,246.21061706543,41.9838638305664,808.684448242188,354.071960449219,1385.52087402344
176,0.875,759.817993164062,478.887725830078,98.4422302246094,702.798461914062,443.333923339844,59.1079521179199,959.064636230469,443.404479980469,40.3658714294434,754.625732421875,211.541427612305,95.3571319580078,703.562683105469,252.684982299805,59.4504776000977,955.738708496094,246.215911865234,41.9894981384277,808.738220214844,354.062194824219,1385.53515625
177,0.88,759.817626953125,478.894897460938,98.436882019043,702.809143066406,443.345581054688,59.1074256896973,959.056030273438,443.402069091797,40.3600959777832,754.626037597656,211.552276611328,95.3607330322266,703.558288574219,252.676498413086,59.4372634887695,955.752563476562,246.216491699219,41.9924087524414,808.770935058594,354.075897216797,1385.52661132812
178,0.885,759.819091796875,478.898742675781,98.4475936889648,702.804809570312,443.324676513672,59.1218948364258,959.067138671875,443.399200439453,40.3547134399414,754.628295898438,211.557418823242,95.3558502197266,703.553588867188,252.674850463867,59.4514923095703,955.742553710938,246.20539855957,41.9776611328125,808.825378417969,354.057281494141,1385.54260253906
179,0.89,759.826110839844,478.898345947266,98.4402084350586,702.812316894531,443.336761474609,59.1065139770508,959.06201171875,443.409851074219,40.3565635681152,754.639770507812,211.55632019043,95.3583450317383,703.553894042969,252.683151245117,59.4520568847656,955.746337890625,246.205139160156,41.979866027832,808.879943847656,354.068176269531,1385.53381347656
180,0.895,759.8095703125,478.896240234375,98.4487075805664,702.799987792969,443.333374023438,59.126953125,959.060363769531,443.404266357422,40.3543968200684,754.627258300781,211.557922363281,95.3622360229492,703.561157226562,252.676147460938,59.4465141296387,955.73779296875,246.20768737793,41.9794006347656,808.935424804688,354.062347412109,1385.55102539062
181,0.9,759.832763671875,478.900238037109,98.450813293457,702.805969238281,443.343505859375,59.1200714111328,959.05517578125,443.411712646484,40.3615989685059,754.636657714844,211.560943603516,95.3479995727539,703.554382324219,252.675933837891,59.4501838684082,955.744018554688,246.200378417969,41.9851303100586,808.992736816406,354.061309814453,1385.54052734375
182,0.905,759.830322265625,478.906341552734,98.4540939331055,702.824462890625,443.350128173828,59.1336517333984,959.056701660156,443.397094726562,40.3585014343262,754.626586914062,211.542785644531,95.3553771972656,703.559509277344,252.665908813477,59.4530906677246,955.744506835938,246.215576171875,41.9931335449219,809.001647949219,354.088104248047,1385.53149414062
183,0.91,759.818786621094,478.916137695312,98.460075378418,702.815979003906,443.341796875,59.1309204101562,959.067993164062,443.405181884766,40.3605804443359,754.638061523438,211.551315307617,95.3534088134766,703.549499511719,252.688095092773,59.4635276794434,955.751403808594,246.199813842773,41.9866256713867,809.052673339844,354.076812744141,1385.54089355469
184,0.915,759.835754394531,478.906097412109,98.4471740722656,702.813110351562,443.349426269531,59.1309051513672,959.053649902344,443.406158447266,40.3486404418945,754.634338378906,211.554702758789,95.3634872436523,703.552001953125,252.680297851562,59.463134765625,955.73876953125,246.203247070312,41.996955871582,809.102600097656,354.070861816406,1385.54528808594
185,0.92,759.834167480469,478.907073974609,98.4568252563477,702.811218261719,443.343139648438,59.145378112793,959.066833496094,443.411224365234,40.3539733886719,754.642944335938,211.56217956543,95.3478088378906,703.554626464844,252.67253112793,59.4556083679199,955.750305175781,246.204299926758,41.9841461181641,809.129150390625,354.079803466797,1385.53662109375
186,0.925,759.835205078125,478.913726806641,98.4444961547852,702.816223144531,443.348754882812,59.1259880065918,959.070007324219,443.409393310547,40.3463935852051,754.643371582031,211.556640625,95.3599853515625,703.54736328125,252.678680419922,59.4585914611816,955.741271972656,246.191497802734,41.9764595031738,809.161254882812,354.0947265625,1385.55383300781
187,0.93,759.828674316406,478.911956787109,98.4574203491211,702.822021484375,443.353912353516,59.1482849121094,959.082092285156,443.406341552734,40.3490371704102,754.649841308594,211.555908203125,95.3665924072266,703.56494140625,252.678176879883,59.4700126647949,955.754821777344,246.20344543457,41.9778022766113,809.224487304688,354.085327148438,1385.53979492188
188,0.935,759.836791992188,478.912506103516,98.4604949951172,702.814270019531,443.347015380859,59.1481399536133,959.083557128906,443.422698974609,40.3460273742676,754.646057128906,211.563888549805,95.3704223632812,703.568176269531,252.675842285156,59.4753837585449,955.748840332031,246.184951782227,41.9645919799805,809.244079589844,354.117584228516,1385.54870605469
189,0.94,759.845458984375,478.912292480469,98.4640350341797,702.820922851562,443.352233886719,59.1458015441895,959.08837890625,443.423736572266,40.341552734375,754.653015136719,211.569854736328,95.3830261230469,703.537780761719,252.681915283203,59.4980812072754,955.752624511719,246.209671020508,41.9706802368164,809.269165039062,354.100646972656,1385.57092285156
190,0.945,759.837524414062,478.900848388672,98.4757919311523,702.824462890625,443.341430664062,59.1593017578125,959.081420898438,443.41552734375,40.3354301452637,754.663269042969,211.579635620117,95.3863906860352,703.539611816406,252.677047729492,59.5053100585938,955.759216308594,246.198318481445,41.9643516540527,809.316040039062,354.121826171875,1385.55310058594
191,0.95,759.852478027344,478.915588378906,98.4710464477539,702.826232910156,443.336273193359,59.1568603515625,959.093383789062,443.422058105469,40.3402862548828,754.651916503906,211.577545166016,95.3886947631836,703.548461914062,252.684356689453,59.5234107971191,955.754638671875,246.190780639648,41.9647331237793,809.340209960938,354.116058349609,1385.55358886719
192,0.955,759.844299316406,478.901092529297,98.4685287475586,702.825866699219,443.328308105469,59.1597938537598,959.092163085938,443.422454833984,40.3399391174316,754.665100097656,211.586273193359,95.4082336425781,703.542846679688,252.707107543945,59.5280914306641,955.764953613281,246.187316894531,41.9530906677246,809.395629882812,354.130523681641,1385.54321289062
193,0.96,759.844848632812,478.902770996094,98.4765167236328,702.834350585938,443.337432861328,59.1524124145508,959.085693359375,443.419860839844,40.3302574157715,754.677185058594,211.580490112305,95.4072952270508,703.562316894531,252.690353393555,59.5316352844238,955.771606445312,246.191497802734,41.9477500915527,809.423706054688,354.150146484375,1385.5595703125
194,0.965,759.857360839844,478.905456542969,98.4720687866211,702.825927734375,443.342468261719,59.1608238220215,959.082275390625,443.419281005859,40.3236961364746,754.669921875,211.598815917969,95.4166030883789,703.552062988281,252.692092895508,59.5469245910645,955.768798828125,246.191528320312,41.9558525085449,809.430297851562,354.151489257812,1385.57727050781
195,0.97,759.853942871094,478.910705566406,98.4708786010742,702.829040527344,443.328704833984,59.1671028137207,959.074951171875,443.415893554688,40.3174171447754,754.680053710938,211.607818603516,95.4291763305664,703.569885253906,252.710144042969,59.5472030639648,955.781188964844,246.194137573242,41.9347801208496,809.481079101562,354.177062988281,1385.55456542969
196,0.975,759.850402832031,478.911712646484,98.4685363769531,702.833679199219,443.332427978516,59.1585884094238,959.077331542969,443.415069580078,40.3258056640625,754.680480957031,211.607360839844,95.4350891113281,703.557067871094,252.700500488281,59.5695953369141,955.776123046875,246.18684387207,41.9402236938477,809.511596679688,354.181091308594,1385.57202148438
197,0.98,759.849487304688,478.923400878906,98.4740295410156,702.826599121094,443.334503173828,59.1670074462891,959.069152832031,443.40478515625,40.3116455078125,754.6796875,211.622772216797,95.4509658813477,703.566345214844,252.729721069336,59.5770874023438,955.779296875,246.195922851562,41.9319229125977,809.53564453125,354.1962890625,1385.55737304688
198,0.985,759.852600097656,478.923126220703,98.4677047729492,702.827819824219,443.350738525391,59.1633148193359,959.071411132812,443.408599853516,40.3199996948242,754.697998046875,211.635345458984,95.4539794921875,703.566955566406,252.723495483398,59.5855827331543,955.785217285156,246.186431884766,41.933666229248,809.569274902344,354.168426513672,1385.55285644531
199,0.99,759.864685058594,478.913452148438,98.454963684082,702.826416015625,443.349670410156,59.1577110290527,959.069763183594,443.409423828125,40.3246307373047,754.704528808594,211.642318725586,95.4669036865234,703.577575683594,252.736099243164,59.6063041687012,955.789794921875,246.201812744141,41.9349174499512,809.606384277344,354.213439941406,1385.57775878906
200,0.995,759.850280761719,478.92822265625,98.4636535644531,702.828979492188,443.349792480469,59.1496772766113,959.074951171875,443.420562744141,40.3230209350586,754.702270507812,211.659133911133,95.4745483398438,703.570556640625,252.722122192383,59.6081581115723,955.788879394531,246.186721801758,41.9264030456543,809.611755371094,354.212219238281,1385.55627441406
